id,batch,age,species,speedmean,speedmax,length,width,track,wave,amp,turns
pac1,1,ya,pacificus,112.7479778,885.808,931.96,73.76,3939.18,440.39,35.39,1
pac2,1,ya,pacificus,154.9812635,682.522,930.49,65.31,4440.77,516.31,69.89,24
pac3,1,ya,pacificus,160.664727,1109.522,873.41,83.9,5684.12,455.08,79.72,18
pac4,1,ya,pacificus,145.5929873,905.094,951.46,87.57,3640.19,555.27,94.64,18
pac5,1,ya,pacificus,181.1308873,650.475,878.29,85.5,5003.26,485.54,82.61,24
pac6,1,ya,pacificus,239.1325476,922.985,868.7,69.7,5406.52,490.52,70.9,36
pac7,1,ya,pacificus,187.4609381,997.423,1002.98,89.92,4503.29,571.62,100.06,5
pac8,1,ya,pacificus,148.4016317,763.196,894.07,88.09,3422.74,525.41,56.99,24
pac9,1,ya,pacificus,226.1713905,1207.661,NA,164.44,1338.74,694.53,92.72,1
pac10,1,ya,pacificus,189.0524587,949.628,896.74,80.33,5673.8,521.58,72.9,24
pac11,1,ya,pacificus,227.4400159,1065.3,896.53,92.23,3717.86,473.12,83.9,36
pac12,2,ya,pacificus,262.355827,1272.648,904.37,92.75,3671.16,601.35,71.69,18
pac13,2,ya,pacificus,91.55346349,646.773,945.13,98.69,4098.88,620.7,38.72,18
pac14,2,ya,pacificus,87.5983873,807.264,831.64,76.12,3080.01,479.63,37.07,12
pac15,2,ya,pacificus,65.99638571,335.183,845.32,81.89,2899.42,533.8,68.86,12
pac16,2,ya,pacificus,64.05796984,282.323,860.58,76.31,4067.68,412.94,146.82,1
pac17,2,ya,pacificus,91.72990635,859.517,809.71,100.66,2129.33,463.08,61.69,12
pac18,2,ya,pacificus,64.62806984,196.42,853.18,80.7,3900.78,529.34,39.27,36
pac19,2,ya,pacificus,104.3327603,570.432,761.52,84.46,0,227.1,103.27,0
pac20,2,ya,pacificus,103.2765079,1083.184,927.27,94.6,4261.88,526.62,65.19,30
pac21,2,ya,pacificus,117.5530698,830.193,889.4,75.74,4880.06,497.9,70.35,2
pac22,2,ya,pacificus,98.34940159,720.878,848.27,67.24,3897.67,463.05,62.3,1
pac23,2,ya,pacificus,97.7168254,1137.646,878.39,97.49,4327.94,531.43,29.28,4
pac24,2,ya,pacificus,138.4884095,824.019,830.68,96.55,3476.04,443.48,85.82,7
pac25,2,ya,pacificus,113.9626905,451.293,738.99,69.14,4470.42,413,68.7,5
pac26,3,ya,pacificus,87.28760476,481.439,775.43,75.13,3509.78,525.22,82.5,12
pac27,3,ya,pacificus,111.1032111,407.066,776.4,74.23,3854.3,475.51,60.92,30
pac28,3,ya,pacificus,101.4799952,348.615,785.06,69.51,4400.64,459.39,54.83,12
pac29,3,ya,pacificus,85.22779841,452.848,867.57,71.89,3794.49,492.33,60.9,6
pac30,3,ya,pacificus,113.5007778,505.577,817.41,74.05,4025.75,475.89,42.43,24
pac31,3,ya,pacificus,105.121319,721.512,839.04,78.67,3318.35,399.67,123.61,6
pac32,3,ya,pacificus,70.62492381,363.359,809.01,70.87,4425.12,488.03,21.28,30
pac33,3,ya,pacificus,96.79797302,382.376,719.54,70.74,3371.23,419.66,43.82,24
pac34,3,ya,pacificus,121.8064032,483.281,828.74,73.39,4066.94,500.44,58.02,24
pac35,3,ya,pacificus,204.8549444,989.993,802.82,65.49,3329.69,540.44,63.06,6
pac36,1,old,pacificus,99.6272254,513.089,NA,NA,NA,NA,NA,NA
pac37,1,old,pacificus,128.4332571,637.392,NA,NA,NA,NA,NA,NA
pac38,1,old,pacificus,177.2876159,1439.512,1105.79,113.62,5850.77,580.25,49.05,12
pac39,1,old,pacificus,140.1148619,560.423,1099.05,108.33,6577.74,546.35,79.85,24
pac40,1,old,pacificus,120.5598254,694.752,940.26,88.34,7920.38,581.62,30.46,13
pac41,1,old,pacificus,76.77189048,415.804,1060.66,100.2,5475.2,539.29,134.32,12
pac42,1,old,pacificus,116.1563794,1026.236,978.83,94.64,6342.36,530.93,61.26,24
pac43,1,old,pacificus,77.76572222,620.927,1044.86,116.41,3071.24,653.14,100.97,18
pac44,1,old,pacificus,94.41321429,564.334,874.02,108.53,5689.2,503.23,68.03,12
pac45,1,old,pacificus,150.5056159,1032.104,1015.83,99.05,5883.99,495.85,47.91,12
pac46,1,old,pacificus,70.6774,508.835,986.68,88.28,4897.06,451,85.97,3
pac47,1,old,pacificus,93.9582746,490.044,987.83,109.17,6414.85,524.6,125.29,2
pac48,1,old,pacificus,51.74825556,209.671,883.23,109.39,2877.87,590.99,73.99,2
pac49,1,old,pacificus,48.77473175,253.138,996.43,125.47,3597.37,640.58,84.79,3
pac50,2,old,pacificus,124.0199111,456.533,1080.15,109.89,2340.1,671.35,69.43,6
pac51,2,old,pacificus,75.95744603,412.629,924.9,89.09,2185.74,480.72,39.12,6
pac52,2,old,pacificus,143.0293762,454.393,934.47,100.91,5414.96,617.15,58.11,18
pac53,2,old,pacificus,119.5264619,440.542,963.27,91.12,3267.9,482.49,75.67,6
pac54,2,old,pacificus,76.98141429,427.91,945.49,107,4080.39,569.38,69.38,30
pac55,2,old,pacificus,80.5606619,544.59,931.19,122.11,2727.79,602.87,80.12,24
pac56,2,old,pacificus,134.4575508,542.697,1053.88,108.61,2575.68,543.95,92.81,12
pac57,2,old,pacificus,99.1302254,542.121,907.5,111.43,3099.33,530.42,68.78,24
pac58,2,old,pacificus,50.42557302,414.651,1019.4,110.86,3965.59,529.79,100.87,4
pac59,3,old,pacificus,78.4440746,395.41,994.75,100.72,4319.41,589.11,87.8,12
pac60,3,old,pacificus,41.80917302,340.615,1041.91,103.31,2814.94,564.67,83.32,12
pac61,3,old,pacificus,67.53155873,314.599,1071.13,96.06,3831.6,783.23,65.71,12
pac62,3,old,pacificus,86.2182873,395.552,926.92,103.99,1962.05,530.04,66.84,6
pac63,3,old,pacificus,45.07373333,245.809,874.45,93.28,3117.59,595.59,50.45,6
pac64,3,old,pacificus,38.26018889,311.123,939,83.07,3592.33,596.87,65.53,12
pac65,3,old,pacificus,84.32528571,398.786,978.53,94.55,3153.56,433.54,165.14,1
pac66,3,old,pacificus,83.11189206,354.17,975.86,93.7,2310.36,584.92,85.04,6
pac67,3,old,pacificus,106.9609619,447.274,976.07,91.54,3721.22,586.42,81.9,6
pac68,3,old,pacificus,82.98543175,515.975,1017.2,96.94,4366.25,559.02,77.54,2
pac69,3,old,pacificus,108.6497349,1252.938,1032.52,82.43,4824.11,660.6,55.98,2
pac70,3,old,pacificus,71.79513016,1155.615,1001.95,95.06,3243.53,581.21,74.28,3
fis1,1,ya,fissidentatus,140.293681,976.023,789.03,NA,2262.9,436.45,40.45,4
fis2,1,ya,fissidentatus,182.5413651,651.716,1287.38,104.41,4489.76,693.39,76.74,24
fis3,1,ya,fissidentatus,163.3776381,640.737,1095.24,95.78,8353.47,599.61,53.97,30
fis4,1,ya,fissidentatus,145.3524444,1297.539,1140.34,98.01,7287.95,718.83,67.39,12
fis5,1,ya,fissidentatus,93.33659841,416.66,1075.84,99.69,5623.64,667.27,60.5,24
fis6,1,ya,fissidentatus,114.8375302,811.845,1199.32,118.2,5059.09,732.62,30.26,12
fis7,1,ya,fissidentatus,66.60230952,360.232,1162.8,108.22,5965.31,648.19,47.12,18
fis8,1,ya,fissidentatus,129.6094524,735.299,1071.41,116.64,3520.05,634.35,74.82,6
fis9,1,ya,fissidentatus,78.93192222,1229.952,1068.88,95.14,6510.28,565.12,81.24,12
fis10,1,ya,fissidentatus,80.37131111,341.317,1050.13,118.23,4041.46,575.09,166.65,6
fis11,1,ya,fissidentatus,137.613181,672.891,1132.54,97.47,3862.72,682.28,58.53,12
fis12,1,ya,fissidentatus,79.50147302,596.11,1131.26,116.55,6282.63,652.53,48.18,18
fis13,1,ya,fissidentatus,99.1572746,401.668,1077.38,118.76,4292.01,595.59,22.78,30
fis14,1,ya,fissidentatus,164.2462349,682.571,1004.22,101.87,4635.12,460.82,94.96,2
fis15,1,ya,fissidentatus,132.8486746,794.801,1122.23,107.14,7319.92,641.57,102.5,4
fis16,1,ya,fissidentatus,142.0798159,663.414,1144.01,102.39,6408.46,668.01,74.22,3
fis17,1,ya,fissidentatus,138.3098651,506.902,1151.91,107.04,5441.52,603.49,98.71,1
fis18,2,ya,fissidentatus,92.44916825,412.704,882.94,91,3665.21,610.53,86.07,12
fis20,2,ya,fissidentatus,141.3160397,1391.303,861.01,50.95,4828.95,562.07,53.11,30
fis21,2,ya,fissidentatus,71.91801429,358.214,856.04,92.69,3895.83,542.52,71.37,12
fis22,2,ya,fissidentatus,130.6462397,431.03,832.42,69.38,3915.72,449.32,116.75,12
fis23,2,ya,fissidentatus,94.24326349,376.054,824.56,61.18,5234.07,528.54,43.28,18
fis24,2,ya,fissidentatus,66.72141587,400.362,797.02,59.98,3504.99,453.08,94.88,12
fis25,2,ya,fissidentatus,126.5393651,739.463,951.69,98.71,3967.36,583.49,69.5,18
fis26,2,ya,fissidentatus,119.055946,959.116,889.55,92.21,4133.78,523.49,70.02,12
fis27,2,ya,fissidentatus,78.44322857,304.879,911.51,92.24,3007.02,527.99,77.12,6
fis28,2,ya,fissidentatus,97.19086508,491.847,899.56,74.36,3421.23,533.21,38.68,24
fis29,2,ya,fissidentatus,75.74846349,528.076,855.83,82.31,4297.95,464.84,95.99,18
fis30,2,ya,fissidentatus,125.6966222,660.903,856.19,113.49,5487.98,385.89,135.68,6
fis31,2,ya,fissidentatus,127.4104603,667.105,906.07,101.65,2862.31,516.99,65.77,24
fis32,2,ya,fissidentatus,94.37629841,445.02,920.14,69.97,4108.14,458.09,35.38,12
fis33,2,ya,fissidentatus,89.74413333,412.054,881.85,86.42,3739.44,498.28,57.44,36
fis34,2,ya,fissidentatus,129.5636127,634.627,921.26,96.29,3427.74,563.23,62.82,18
fis35,2,ya,fissidentatus,103.9218921,433.029,790.87,102.14,3449.53,391.93,44.16,18
fis36,2,ya,fissidentatus,81.41857302,466.657,801.44,68.71,4053.82,425.21,72.74,12
fis37,2,ya,fissidentatus,78.31536667,404.952,893.6,96.13,4453.73,528.85,56.09,6
fis38,2,ya,fissidentatus,99.20385714,371.274,922.06,93.19,4277.78,556.86,85.33,30
fis39,2,ya,fissidentatus,145.2797603,876.737,978.88,100.01,4031.8,513.32,75.78,2
fis40,2,ya,fissidentatus,77.64054603,407.332,933.55,82.37,3839.47,601.6,77.49,2
fis41,2,ya,fissidentatus,141.1257921,1461.862,899.13,114.6,6137.61,439.56,78.95,3
fis42,2,ya,fissidentatus,102.8759222,561.901,907.1,107.31,3946.73,569.3,65.49,4
fis43,2,ya,fissidentatus,73.86905714,340.794,772.33,55.71,4122.42,460.07,54.61,3
fis44,3,ya,fissidentatus,115.8533746,437.204,1172.41,121.65,2971.01,732.56,106.57,18
fis45,3,ya,fissidentatus,110.7650381,410.129,1109.07,114.54,3669.02,614.8,113.88,12
fis46,3,ya,fissidentatus,64.91525714,258.626,NA,NA,NA,NA,NA,NA
fis47,3,ya,fissidentatus,81.28706032,437.987,1123.94,113.74,3501.79,549.46,108.6,6
fis48,3,ya,fissidentatus,101.1830349,499.87,1046.99,117.72,2830.55,697.23,74.77,18
fis49,3,ya,fissidentatus,73.40214127,273.138,1057.08,126.68,2344.73,661.14,83.96,18
fis50,3,ya,fissidentatus,71.05519524,259.151,1083.12,127.66,2616.55,663.05,66.46,18
fis51,3,ya,fissidentatus,115.2092937,521.574,1185.15,123.77,3901.57,597.01,104.3,4
fis52,3,ya,fissidentatus,63.60627619,529.179,1070.18,115.71,3078.82,615.67,55.67,1
fis53,3,ya,fissidentatus,77.4006381,242.57,1017.77,117.11,2737.7,595.6,73.28,3
fis54,3,ya,fissidentatus,96.66836825,404.905,1082.62,117.61,3763.72,612.46,65.36,3
fis55,3,ya,fissidentatus,109.3862333,422.321,1093.24,113.75,3742.48,748.97,59.69,4
fis56,1,old,fissidentatus,64.20452381,338.688,1218.35,122.7,2588.51,796.88,45.98,6
fis57,1,old,fissidentatus,149.8562905,483.93,1143.19,103.9,5007.85,601.35,133.1,12
fis58,1,old,fissidentatus,152.2774429,483.982,1143.95,104.13,5779.66,629.03,73.59,18
fis59,1,old,fissidentatus,60.81910159,303.837,1159.21,113.95,3079.92,532.39,130.13,6
fis60,1,old,fissidentatus,45.87379524,265.047,1022.15,116.87,1989.12,600.83,54.58,6
fis61,1,old,fissidentatus,85.96296667,536.548,1149.36,127.85,3485.08,530.12,72.86,18
fis62,1,old,fissidentatus,65.47265238,536.952,1222.42,123.53,3363.12,610.14,176.44,6
fis63,1,old,fissidentatus,58.00268571,313.79,1128.83,119.7,3187.74,602.13,69.39,12
fis64,1,old,fissidentatus,63.46574286,297.352,1088.67,127.38,2785.09,556.42,143.06,6
fis65,1,old,fissidentatus,74.16100794,277.863,1249.95,134.01,3626.21,NA,138.89,6
fis66,1,old,fissidentatus,76.84195714,418.374,1046.37,133.26,3550.52,619.42,42.68,18
fis67,1,old,fissidentatus,160.8461254,981.997,1179.62,132.72,159203.6,726.14,87.4,5
fis68,1,old,fissidentatus,116.6426063,612.064,1491.89,122.66,185808.5,759.81,204.02,1
fis69,1,old,fissidentatus,56.1720619,320.627,1106.65,141.81,159607.41,531.1,168.99,1
fis70,1,old,fissidentatus,75.47738413,347.19,1214.83,128.46,158719.24,746.41,83.38,3
fis71,1,old,fissidentatus,74.85880952,304.356,1194.54,138.79,168582.34,643.72,75.25,1
fis72,1,old,fissidentatus,78.73772698,311.629,1164.1,156.07,184797.64,768.55,47.39,2
fis74,2,old,fissidentatus,50.77943492,209.189,1242.55,152.17,1501.97,683.19,19.72,6
fis75,2,old,fissidentatus,65.7457381,979.027,1082.02,156.37,2027.31,579.74,54.71,6
fis76,2,old,fissidentatus,94.95745397,377.69,1234.76,153.52,2604.75,611.63,63.07,12
fis77,2,old,fissidentatus,66.08521746,331.96,1183.4,141.3,2102.85,714.01,73.74,6
fis78,2,old,fissidentatus,81.95926349,308.183,1094.52,165.47,2376.33,NA,94.14,6
fis79,2,old,fissidentatus,112.3009143,582.289,1156.42,139.74,2685.8,692.81,66.71,18
fis80,2,old,fissidentatus,97.13227778,413.17,1183.33,145.31,2962.44,657.43,32.37,12
fis81,2,old,fissidentatus,104.246919,488.827,1155.46,146.66,2823.59,718.31,82.93,12
fis82,2,old,fissidentatus,98.88083651,851.061,1135.55,152.03,2677.14,685.44,93.13,12
fis83,2,old,fissidentatus,73.14806508,384.309,1037.51,162.47,2248.5,570.4,51.64,18
fis84,2,old,fissidentatus,77.70473333,464.971,1162.26,148.97,2049.76,499.02,118.51,12
fis85,2,old,fissidentatus,83.47735556,289.335,1334.08,178.6,2616.1,NA,115.75,6
fis86,2,old,fissidentatus,72.3282619,1214.203,1077.73,116.21,2254.79,616.89,53.98,12
fis87,2,old,fissidentatus,54.89131587,221.467,1177.29,159.22,2183.25,571.92,132.32,6
fis88,2,old,fissidentatus,70.36575397,317.269,1303.48,171.76,2044.87,745.69,68.67,6
fis89,2,old,fissidentatus,115.7110365,792.807,1105.84,137.36,3170.64,642.9,115.09,12
fis90,2,old,fissidentatus,100.0750587,558.725,1249.54,161.55,3117.21,856.79,41.36,18
fis91,2,old,fissidentatus,70.28154921,258.077,1089.49,143.32,1886.21,555.7,83.01,12
fis92,2,old,fissidentatus,109.8119,458.13,1134.46,148.08,3407.61,606.94,60.84,6
fis93,2,old,fissidentatus,64.60102222,394.487,1096.72,172.08,1996.25,617.49,33.06,12
fis94,2,old,fissidentatus,138.8020016,837.418,1018.34,144.17,4568.73,520.91,40.94,18
fis95,2,old,fissidentatus,100.7475206,566.469,1035.06,147.51,3083.39,662.78,92.42,6
fis96,2,old,fissidentatus,103.8141429,472.896,1168.73,156.46,2804.47,717.3,43.27,12
fis97,2,old,fissidentatus,169.2493143,618.094,1147.1,173.49,2890.86,697.67,99.43,5
fis98,3,old,fissidentatus,43.06412381,200.367,1216.5,158.9,2103.59,695.56,22.42,6
fis99,3,old,fissidentatus,44.99996032,240.384,1260.9,151.78,2329.41,686.91,82.37,6
fis100,3,old,fissidentatus,53.4885873,280.622,1161.86,150.83,2292.53,691.48,92.56,6
fis101,3,old,fissidentatus,52.52159524,217.805,1318.23,157.43,2067.27,NA,67.09,18
fis102,3,old,fissidentatus,65.03127778,226.518,1109.6,149.52,3041.65,573.09,143.38,6
fis103,3,old,fissidentatus,63.82020317,418.075,1125.09,161.74,2199.12,646.68,70.69,18
fis104,3,old,fissidentatus,72.54371587,311.392,1070.98,154.25,3358.32,691.2,81.39,12
fis105,3,old,fissidentatus,50.11304603,223.227,1090.39,156.14,1995.98,564.53,108.92,12
fis106,3,old,fissidentatus,37.48104127,214.485,1155.51,155.14,2187.02,676.13,150.19,6
fis107,3,old,fissidentatus,85.42636032,335.306,1186.12,155.35,3015.93,644.22,168.46,12
fis108,3,old,fissidentatus,39.44680317,NA,NA,NA,NA,NA,NA,NA
fis109,3,old,fissidentatus,54.68524127,272.488,1215.69,158,2102.14,739.63,64.25,2
fis110,3,old,fissidentatus,73.25278413,234.438,1139.62,154.87,2013.14,751.58,137.8,2
