Batch,1,1,1,1,1,1,1,1,1,1,1,1,1,1,1,1,2,2,2,2,2,2,2,2,2,2,2,2,2,2,2,2,3,3,3,3,3,3,3,3,3,3,3,3,3,3,3,3,3,3
Worm,2,3,4,5,6,8,10,11,1,2,3,4,5,6,7,8,1,2,3,4,5,6,7,9,1,2,3,4,5,6,7,8,1,2,3,4,5,6,7,8,9,1,2,3,4,5,6,7,8,9
Age,YA,YA,YA,YA,YA,YA,YA,YA,old,old,old,old,old,old,old,old,YA,YA,YA,YA,YA,YA,YA,YA,old,old,old,old,old,old,old,old,YA,YA,YA,YA,YA,YA,YA,YA,YA,old,old,old,old,old,old,old,old,old
Mean Worm Length (um),930.49,873.41,951.46,878.29,868.7,894.07,896.74,896.53,1105.79,1099.05,940.26,1060.66,978.83,1044.86,874.02,1015.83,904.37,945.13,831.64,845.32,860.58,809.71,853.18,927.27,1080.15,924.9,934.47,963.27,945.49,931.19,1053.88,907.5,775.43,776.4,785.06,867.57,817.41,839.04,809.01,719.54,828.74,994.75,1041.91,1071.13,926.92,874.45,939,978.53,975.86,976.07
Mean Width (um),65.31,83.9,87.57,85.5,69.7,88.09,80.33,92.23,113.62,108.33,88.34,100.2,94.64,116.41,108.53,99.05,92.75,98.69,76.12,81.89,76.31,100.66,80.7,94.6,109.89,89.09,100.91,91.12,107,122.11,108.61,111.43,75.13,74.23,69.51,71.89,74.05,78.67,70.87,70.74,73.39,100.72,103.31,96.06,103.99,93.28,83.07,94.55,93.7,91.54
Mean Area (um^2),61737.5,74405.72,84685.87,76328.04,61486.86,80033.63,72943.45,84047.96,127725.33,121067.04,84270.47,108005.36,94025.28,123639.78,95743.79,102233.02,85215.4,94857.92,64369.42,70409.71,66760.04,82927.57,69941.72,89106.35,120729.81,83762.92,95838.91,89141,102843.37,115588,116390.95,102812.12,59210.09,58558.19,55462.42,63433.69,61492.53,67059.63,58283.91,51725.47,61837.63,101828.02,109511.94,104642.42,98035.9,82885.75,79314.21,94108.79,92994.67,90811.5
Track Length (um) [center point trajectory],4440.77,5684.12,3640.19,5003.26,5406.52,3422.74,5673.8,3717.86,5850.77,6577.74,7920.38,5475.2,6342.36,3071.24,5689.2,5883.99,3671.16,4098.88,3080.01,2899.42,4067.68,2129.33,3900.78,4261.88,2340.1,2185.74,5414.96,3267.9,4080.39,2727.79,2575.68,3099.33,3509.78,3854.3,4400.64,3794.49,4025.75,3318.35,4425.12,3371.23,4066.94,4319.41,2814.94,3831.6,1962.05,3117.59,3592.33,3153.56,2310.36,3721.22
Center Point Speed (um/s) [Center point trajectory / time],441.21,564.74,361.67,497.09,537.16,340.06,563.72,369.39,535.1,601.59,724.38,500.75,580.06,280.89,520.32,538.14,367.65,410.49,308.45,290.37,407.36,213.24,390.65,426.81,232.15,216.83,537.19,324.19,404.79,270.61,255.52,307.47,352.77,387.4,442.32,381.39,404.63,333.53,444.78,338.85,408.77,432.17,281.65,383.37,196.31,311.93,359.43,315.53,231.16,372.32
Absolute peristaltic track length (um) [forward + reversal],3985.51,5199.76,3450.91,4720.28,5016.22,3229.98,5258.46,3484.58,5697.2,6479.07,7298.76,5282.31,6040.95,2917.6,5445.36,5698.07,3451.62,3930.66,2877.64,2617.51,3731.35,1849.29,3715.89,4065.42,2186.79,1703.01,5222.64,2615.12,3838.17,2492.25,2360.67,2870.66,3329.48,3713.55,4113.5,3627.06,3866.18,3122.47,4263.63,3161.33,3954.42,4189.28,2210.73,3703.78,1705.12,2906.94,3416.35,3032.79,2179.68,3531.94
Peristaltic speed (um/s) [APTL / time],395.98,516.62,342.86,468.98,498.38,320.91,522.45,346.21,521.05,592.56,667.53,483.11,552.49,266.84,498.02,521.13,345.67,393.64,288.19,262.13,373.68,185.2,372.13,407.14,216.94,168.95,518.11,259.43,380.76,247.24,234.19,284.78,334.65,373.25,413.45,364.56,388.6,313.84,428.54,317.75,397.46,419.15,221.19,370.58,170.6,290.85,341.82,303.44,218.09,353.38
Peristaltic track length [forward - reversal],1197.17,859.35,1020.37,1359.27,1681.66,1265.78,1730.06,-1650.13,-149.88,499.13,247.29,-697.31,360.15,491.76,239.6,-283.9,-560.71,-293.19,-167.45,-298.58,-167.96,256.57,409.97,291.34,80.84,188.28,-205.43,320.97,1057.65,-1115.62,-463.96,574.82,-657.22,-938.54,835.33,-375.31,-770.64,-444.72,247.04,438.72,-822.5,320.97,-123.87,-414.52,152.3,314.85,-449.51,-83.6,49.89,524.48
Peristaltic speed (um/s) [peristaltic track length / time],118.94,85.38,101.38,135.05,167.08,125.76,171.89,-163.95,-13.71,45.65,22.62,-63.77,32.94,44.98,21.91,-25.96,-56.15,-29.36,-16.77,-29.9,-16.82,25.69,41.06,29.18,8.02,18.68,-20.38,31.84,104.92,-110.67,-46.03,57.02,-66.06,-94.33,83.96,-37.72,-77.46,-44.7,24.83,44.1,-82.67,32.11,-12.39,-41.47,15.24,31.5,-44.98,-8.36,4.99,52.48
Straight-line distance (um),998.88,619.67,751.45,837.34,1195.51,972.32,1337.87,1059.9,99.22,351.48,120.99,299.11,203.71,285.13,206.83,155.5,344.13,221.52,63.39,29.74,99.66,136.27,252.64,90.52,42.58,198.22,30.53,276.21,737.72,804.1,292.47,374.44,504.21,672.52,660.67,289.07,692.77,204.96,134.05,364.68,667.57,275.78,224.53,378.65,121.83,229.55,325.73,11.8,54.64,322.75
Wavelength (um),516.31,455.08,555.27,485.54,490.52,525.41,521.58,473.12,580.25,546.35,581.62,539.29,530.93,653.14,503.23,495.85,601.35,620.7,479.63,533.8,412.94,463.08,529.34,526.62,671.35,480.72,617.15,482.49,569.38,602.87,543.95,530.42,525.22,475.51,459.39,492.33,475.89,399.67,488.03,419.66,500.44,589.11,564.67,783.23,530.04,595.59,596.87,433.54,584.92,586.42
Mean Amplitude (um),69.89,79.72,94.64,82.61,70.9,56.99,72.9,83.9,49.05,79.85,30.46,134.32,61.26,100.97,68.03,47.91,71.69,38.72,37.07,68.86,,61.69,39.27,65.19,69.43,39.12,58.11,75.67,69.38,80.12,92.81,68.78,82.5,60.92,54.83,60.9,42.43,123.61,21.28,43.82,58.02,87.8,83.32,65.71,66.84,50.45,65.53,,85.04,81.9
Max Amplitude (um),135.73,135.11,158.82,158.82,156.78,131.81,146.66,155.43,127.5,177.6,74.66,199.27,148.24,179.23,118.66,118.97,131.68,71.63,62.07,134.78,175.76,105.07,122.77,110.03,102.64,107.3,118.77,142.49,148.35,136.92,171.56,156.74,121.02,117.04,101.39,95.03,87.33,161.26,55.52,78.14,109.4,161.11,144,136.05,99.9,95.63,100.87,177.01,115.97,144.1
Turn Count,4,3,3,4,6,4,4,6,2,4,,2,4,3,2,2,3,3,2,2,1,2,6,5,1,1,3,1,5,4,2,4,2,5,2,1,4,1,5,4,4,2,2,2,1,1,2,1,1,1
Distance Travelled Forward (um),2591.34,3029.55,2235.64,3039.78,3348.94,2247.88,3494.26,917.22,2773.66,3489.1,3773.02,2292.5,3200.55,1704.68,2842.48,2707.09,1445.46,1818.74,1355.09,1159.46,1781.7,1052.93,2062.93,2178.38,1133.81,945.65,2508.61,1468.05,2447.91,688.32,948.35,1722.74,1336.13,1387.5,2474.42,1625.87,1547.77,1338.87,2255.33,1800.03,1565.96,2255.13,1043.43,1644.63,928.71,1610.89,1483.42,1474.6,1114.78,2028.21
Distance Travelled Reverse (um),1394.17,2170.2,1215.27,1680.51,1667.28,982.1,1764.2,2567.35,2923.54,2989.97,3525.73,2989.81,2840.4,1212.92,2602.88,2990.99,2006.17,2111.93,1522.54,1458.05,1949.66,796.36,1652.96,1887.04,1052.98,757.36,2714.03,1147.08,1390.26,1803.93,1412.32,1147.92,1993.35,2326.04,1639.08,2001.18,2318.41,1783.59,2008.29,1361.31,2388.46,1934.15,1167.3,2059.15,776.41,1296.05,1932.93,1558.2,1064.9,1503.73
Cumulative forward time (s),9.9,9.78,9.93,10.08,9.55,9.67,10.08,0.95,9.1,9.95,8.38,6.07,9.36,10.03,8.82,8.04,3.81,5.86,7.49,6.45,6.78,6.22,7.91,6.06,7.84,8.28,7.78,7.75,9.73,0.68,3.82,9.94,2.96,2.22,9.96,5.65,3.33,5.11,8.28,8.36,3.24,8.39,5.53,5.79,8.78,9.24,4.64,8.07,8.3,9.35
Number of pirouettes ,0,0,0,0,0,0,0,0,0,0,0,1,0,0,0,0,0,0,0,0,0,0,0,0,0,0,0,0,0,0,0,0,0,0,0,0,0,0,0,0,0,0,0,0,0,0,0,0,0,0
Pirouette tune (s),0,0,0,0,0,0,0,0,0,0,0,0.37,0,0,0,0,0,0,0,0,0,0,0,0,0,0,0,0,0,0,0,0,0,0,0,0,0,0,0,0,0,0,0,0,0,0,0,0,0,0
Mobility reversal time (s),1.24,2.85,1.43,1.43,1.2,0.82,1.37,9.78,5.84,4.2,5.9,6.61,4.62,2.68,4.88,5.45,7.59,6.08,4.98,5.06,4.35,4.68,3.51,5.87,5.17,3.66,5,3.44,2.07,9.59,7.45,2.89,8.33,7.97,1.47,6.74,7.42,6.14,3.96,2.36,7.71,3.68,5.07,6.36,4.34,4.23,6.88,4.77,4.45,3.48
Mobility idle time (s),0,0,0,0,0.18,0,0,0.12,0,0.14,0,0,0,0,0.17,0.15,0.14,0,0.14,0.14,0,0,0,0,0,0.09,0,0,0,0,0,0,0,0,0,0.09,0,0,0.26,0,0,0,0,0.17,0,0.22,0,0.18,0.17,0
Mobility forward time (s),8.85,7.23,8.65,8.65,8.69,9.26,8.71,0.18,5.11,6.61,5.05,4.34,6.33,8.27,5.9,5.34,2.27,3.92,4.87,4.79,5.65,5.32,6.49,4.13,4.92,6.34,5.1,6.66,8.03,0.5,2.65,7.21,1.64,1.99,8.5,3.13,2.55,3.83,5.74,7.6,2.25,6.33,4.94,3.48,5.67,5.56,3.13,5.05,5.39,6.53
